{"report": {"environment": {"Python": "3.10.5", "Platform": "Linux-5.15.0-52-generic-x86_64-with"}, "tests": [{"name": "HelloWorld_test.py::test_say_hello", "duration": 0.6654461460002494, "run_index": 0, "setup": {"name": "setup", "duration": 0.0030075370000304247, "outcome": "passed"}, "call": {"name": "call", "duration": 0.6587052519998906, "outcome": "passed"}, "teardown": {"name": "teardown", "duration": 0.000725820000297972, "outcome": "passed"}, "outcome": "passed"}, {"name": "HelloWorld_test.py::test_start_scan", "duration": 0.0063429630004065984, "run_index": 1, "setup": {"name": "setup", "duration": 0.0011664920002658619, "outcome": "passed"}, "call": {"name": "call", "duration": 0.003379743000095914, "outcome": "passed"}, "teardown": {"name": "teardown", "duration": 0.0006302359997789608, "outcome": "passed"}, "outcome": "passed"}, {"name": "HelloWorld_test.py::test_status_scan", "duration": 0.006275360000472574, "run_index": 2, "setup": {"name": "setup", "duration": 0.000971875000232103, "outcome": "passed"}, "call": {"name": "call", "duration": 0.003704261999700975, "outcome": "passed"}, "teardown": {"name": "teardown", "duration": 0.0006273480003073928, "outcome": "passed"}, "outcome": "passed"}, {"name": "HelloWorld_test.py::test_scan_results", "duration": 0.007177123000019492, "run_index": 3, "setup": {"name": "setup", "duration": 0.0009621819999665604, "outcome": "passed"}, "call": {"name": "call", "duration": 0.00459829900000841, "outcome": "passed"}, "teardown": {"name": "teardown", "duration": 0.000654460000077961, "outcome": "passed"}, "outcome": "passed"}, {"name": "HelloWorld_test.py::test_search_alerts", "duration": 0.004459993000182294, "run_index": 4, "setup": {"name": "setup", "duration": 0.000956304999817803, "outcome": "passed"}, "call": {"name": "call", "duration": 0.0019133140003759763, "outcome": "passed"}, "teardown": {"name": "teardown", "duration": 0.0006340690001707117, "outcome": "passed"}, "outcome": "passed"}, {"name": "HelloWorld_test.py::test_get_alert", "duration": 0.004444751999471919, "run_index": 5, "setup": {"name": "setup", "duration": 0.0009625559996493394, "outcome": "passed"}, "call": {"name": "call", "duration": 0.0018877550000979681, "outcome": "passed"}, "teardown": {"name": "teardown", "duration": 0.0006318850000752718, "outcome": "passed"}, "outcome": "passed"}, {"name": "HelloWorld_test.py::test_update_alert_status", "duration": 0.004452268999557418, "run_index": 6, "setup": {"name": "setup", "duration": 0.0009627169997656893, "outcome": "passed"}, "call": {"name": "call", "duration": 0.0018880259999605187, "outcome": "passed"}, "teardown": {"name": "teardown", "duration": 0.0006388090000655211, "outcome": "passed"}, "outcome": "passed"}, {"name": "HelloWorld_test.py::test_ip", "duration": 0.004690120999384817, "run_index": 7, "setup": {"name": "setup", "duration": 0.0009764559999894118, "outcome": "passed"}, "call": {"name": "call", "duration": 0.002102754999668832, "outcome": "passed"}, "teardown": {"name": "teardown", "duration": 0.0006344539997371612, "outcome": "passed"}, "outcome": "passed"}, {"name": "HelloWorld_test.py::test_domain", "duration": 0.07256452100000388, "run_index": 8, "setup": {"name": "setup", "duration": 0.0009548719999656896, "outcome": "passed"}, "call": {"name": "call", "duration": 0.06997493700009727, "outcome": "passed"}, "teardown": {"name": "teardown", "duration": 0.0006798399999752291, "outcome": "passed"}, "outcome": "passed"}, {"name": "HelloWorld_test.py::test_fetch_incidents", "duration": 0.005030960000112827, "run_index": 9, "setup": {"name": "setup", "duration": 0.0009996190001402283, "outcome": "passed"}, "call": {"name": "call", "duration": 0.00239917199996853, "outcome": "passed"}, "teardown": {"name": "teardown", "duration": 0.0006325499998638406, "outcome": "passed"}, "outcome": "passed"}, {"name": "HelloWorld_test.py::test_invalid_ip", "duration": 0.0032935709996309015, "run_index": 10, "setup": {"name": "setup", "duration": 0.0008523679998688749, "outcome": "passed"}, "call": {"name": "call", "duration": 0.0009905679999064887, "outcome": "passed"}, "teardown": {"name": "teardown", "duration": 0.000598266999986663, "outcome": "passed"}, "outcome": "passed"}, {"name": "HelloWorld_test.py::test_parse_domain_date[1997-09-15 04:00:00-1997-09-15T04:00:00.000Z]", "duration": 0.00521289800053637, "run_index": 11, "setup": {"name": "setup", "duration": 0.0010477200003151665, "outcome": "passed"}, "call": {"name": "call", "duration": 0.002471754999987752, "outcome": "passed"}, "teardown": {"name": "teardown", "duration": 0.0006457029999182851, "outcome": "passed"}, "outcome": "passed"}, {"name": "HelloWorld_test.py::test_parse_domain_date[domain_date1-1997-09-15T04:00:00.000Z]", "duration": 0.0051970329996038345, "run_index": 12, "setup": {"name": "setup", "duration": 0.0010335479996683716, "outcome": "passed"}, "call": {"name": "call", "duration": 0.0024750020002102247, "outcome": "passed"}, "teardown": {"name": "teardown", "duration": 0.0006549350000568666, "outcome": "passed"}, "outcome": "passed"}, {"name": "HelloWorld_test.py::test_convert_to_demisto_severity[Low-1]", "duration": 0.0031703690005997487, "run_index": 13, "setup": {"name": "setup", "duration": 0.0010423620001347444, "outcome": "passed"}, "call": {"name": "call", "duration": 0.00045797600023433915, "outcome": "passed"}, "teardown": {"name": "teardown", "duration": 0.0006276690000959206, "outcome": "passed"}, "outcome": "passed"}, {"name": "HelloWorld_test.py::test_convert_to_demisto_severity[Medium-2]", "duration": 0.003136870999242092, "run_index": 14, "setup": {"name": "setup", "duration": 0.0010184909997406066, "outcome": "passed"}, "call": {"name": "call", "duration": 0.0004531259996838344, "outcome": "passed"}, "teardown": {"name": "teardown", "duration": 0.0006467630000770441, "outcome": "passed"}, "outcome": "passed"}, {"name": "HelloWorld_test.py::test_convert_to_demisto_severity[High-3]", "duration": 0.0031160130001808284, "run_index": 15, "setup": {"name": "setup", "duration": 0.0010190029997829697, "outcome": "passed"}, "call": {"name": "call", "duration": 0.0004528090003077523, "outcome": "passed"}, "teardown": {"name": "teardown", "duration": 0.0006251980003071367, "outcome": "passed"}, "outcome": "passed"}, {"name": "HelloWorld_test.py::test_convert_to_demisto_severity[Critical-4]", "duration": 0.0036062990002392326, "run_index": 16, "setup": {"name": "setup", "duration": 0.0010646539999470406, "outcome": "passed"}, "call": {"name": "call", "duration": 0.000453406000360701, "outcome": "passed"}, "teardown": {"name": "teardown", "duration": 0.0010235849999844504, "outcome": "passed"}, "outcome": "passed"}], "summary": {"passed": 17, "num_tests": 17, "duration": 0.9216759204864502}, "created_at": "2022-11-11 20:59:46.005172"}}